admin_level,admin_id,admin_name,n_focos,n_ultimas_6h,n_ultimas_12h,n_ultimas_24h,n_ultimas_48h,frp_total_mw,frp_media_mw,frp_max_mw,edad_min_h,ultima_deteccion_utc,sensores,alerta_operativa
ccaa,ES42,Castilla-La Mancha,888,0,0,308,888,28420.1,32,429.1,14.5,2026-07-20 13:27:00,"VIIRS_NOAA20_NRT, VIIRS_SNPP_NRT",seguimiento
ccaa,ES30,Comunidad de Madrid,8,0,0,0,8,15.7,2,2.7,24.6,2026-07-20 03:25:00,"VIIRS_NOAA20_NRT, VIIRS_SNPP_NRT",informativa
ccaa,ES43,Extremadura,7,0,0,3,7,19.3,2.8,5.7,14.6,2026-07-20 13:25:00,"VIIRS_NOAA20_NRT, VIIRS_SNPP_NRT",seguimiento
ccaa,ES12,Principado de Asturias,5,0,0,3,5,16.2,3.2,5.3,14.5,2026-07-20 13:27:00,"VIIRS_NOAA20_NRT, VIIRS_SNPP_NRT",seguimiento
ccaa,ES51,Cataluña,4,0,0,2,4,8.1,2,4,14.9,2026-07-20 13:08:00,"VIIRS_NOAA20_NRT, VIIRS_SNPP_NRT",seguimiento
ccaa,ES24,Aragón,4,0,0,0,4,3.1,0.8,1.1,25.9,2026-07-20 02:04:00,"VIIRS_NOAA20_NRT, VIIRS_SNPP_NRT",informativa
ccaa,ES61,Andalucía,1,0,0,1,1,20.2,20.2,20.2,14.9,2026-07-20 13:08:00,VIIRS_SNPP_NRT,seguimiento
ccaa,ES52,Comunitat Valenciana,1,0,0,0,1,1.7,1.7,1.7,25.9,2026-07-20 02:04:00,VIIRS_NOAA20_NRT,informativa
ccaa,ES11,Galicia,1,0,0,0,1,1,1,1,25.9,2026-07-20 02:04:00,VIIRS_NOAA20_NRT,informativa
