cluster_id,alerta_operativa,score,longitude,latitude,n_focos,n_ultimas_6h,n_ultimas_24h,frp_total_mw,frp_max_mw,edad_min_h,ultima_deteccion_utc,sensores,satellites,instruments,popup_label
ALERT-20260710-001,alta,1436.5,-1.9986195149253732,37.173307052238805,268,123,268,6360.4,173.6,4.6,2026-07-10 13:14:00,"VIIRS_NOAA20_NRT, VIIRS_SNPP_NRT","N, N20",VIIRS,<strong>ALERT-20260710-001</strong><br>Nivel: alta<br>Focos: 268<br>Últimas 6 h: 123<br>FRP total: 6360.4 MW<br>Última detección UTC: 2026-07-10 13:14:00
ALERT-20260710-002,alta,245.4,-3.056045892857143,42.24753642857143,56,13,56,486.3,26.5,4.6,2026-07-10 13:14:00,"VIIRS_NOAA20_NRT, VIIRS_SNPP_NRT","N, N20",VIIRS,<strong>ALERT-20260710-002</strong><br>Nivel: alta<br>Focos: 56<br>Últimas 6 h: 13<br>FRP total: 486.3 MW<br>Última detección UTC: 2026-07-10 13:14:00
ALERT-20260710-003,alta,198.1,-6.756531739130435,37.22196869565217,23,23,23,1178.7,170.2,3.2,2026-07-10 14:35:00,"VIIRS_NOAA20_NRT, VIIRS_SNPP_NRT","N, N20",VIIRS,<strong>ALERT-20260710-003</strong><br>Nivel: alta<br>Focos: 23<br>Últimas 6 h: 23<br>FRP total: 1178.7 MW<br>Última detección UTC: 2026-07-10 14:35:00
ALERT-20260710-004,alta,164.4,-4.187625263157895,31.70574105263158,19,19,19,486.6,50.8,3.2,2026-07-10 14:33:00,"VIIRS_NOAA20_NRT, VIIRS_SNPP_NRT","N, N20",VIIRS,<strong>ALERT-20260710-004</strong><br>Nivel: alta<br>Focos: 19<br>Últimas 6 h: 19<br>FRP total: 486.6 MW<br>Última detección UTC: 2026-07-10 14:33:00
ALERT-20260710-005,alta,114.1,-6.302055882352941,39.82647147058824,34,0,34,418,40.4,14.3,2026-07-10 03:32:00,"VIIRS_NOAA20_NRT, VIIRS_SNPP_NRT","N, N20",VIIRS,<strong>ALERT-20260710-005</strong><br>Nivel: alta<br>Focos: 34<br>Últimas 6 h: 0<br>FRP total: 418 MW<br>Última detección UTC: 2026-07-10 03:32:00
ALERT-20260710-006,alta,107.7,-6.421009615384615,42.97832730769231,26,4,26,129.7,9.1,4.5,2026-07-10 13:16:00,"VIIRS_NOAA20_NRT, VIIRS_SNPP_NRT","N, N20",VIIRS,<strong>ALERT-20260710-006</strong><br>Nivel: alta<br>Focos: 26<br>Últimas 6 h: 4<br>FRP total: 129.7 MW<br>Última detección UTC: 2026-07-10 13:16:00
ALERT-20260710-007,alta,90.2,-4.617607,40.442215,10,10,10,160.9,43.3,4.6,2026-07-10 13:14:00,"VIIRS_NOAA20_NRT, VIIRS_SNPP_NRT","N, N20",VIIRS,<strong>ALERT-20260710-007</strong><br>Nivel: alta<br>Focos: 10<br>Últimas 6 h: 10<br>FRP total: 160.9 MW<br>Última detección UTC: 2026-07-10 13:14:00
ALERT-20260710-008,alta,71.2,4.896044347826087,43.442914782608696,23,2,15,58.4,5,4.9,2026-07-10 12:55:00,"VIIRS_NOAA20_NRT, VIIRS_SNPP_NRT","N, N20",VIIRS,<strong>ALERT-20260710-008</strong><br>Nivel: alta<br>Focos: 23<br>Últimas 6 h: 2<br>FRP total: 58.4 MW<br>Última detección UTC: 2026-07-10 12:55:00
ALERT-20260710-009,alta,66.9,3.3365412,33.131696,25,2,12,51.8,10.9,4.6,2026-07-10 13:12:00,"VIIRS_NOAA20_NRT, VIIRS_SNPP_NRT","N, N20",VIIRS,<strong>ALERT-20260710-009</strong><br>Nivel: alta<br>Focos: 25<br>Últimas 6 h: 2<br>FRP total: 51.8 MW<br>Última detección UTC: 2026-07-10 13:12:00
ALERT-20260710-010,alta,54.1,-5.529841935483871,43.020625483870965,31,1,2,1175.3,170.1,4.9,2026-07-10 12:55:00,"VIIRS_NOAA20_NRT, VIIRS_SNPP_NRT","N, N20",VIIRS,<strong>ALERT-20260710-010</strong><br>Nivel: alta<br>Focos: 31<br>Últimas 6 h: 1<br>FRP total: 1175.3 MW<br>Última detección UTC: 2026-07-10 12:55:00
ALERT-20260710-011,alta,37.3,-7.7533525,33.414742499999996,4,4,4,13.1,4.1,4.6,2026-07-10 13:12:00,"VIIRS_NOAA20_NRT, VIIRS_SNPP_NRT","N, N20",VIIRS,<strong>ALERT-20260710-011</strong><br>Nivel: alta<br>Focos: 4<br>Últimas 6 h: 4<br>FRP total: 13.1 MW<br>Última detección UTC: 2026-07-10 13:12:00
ALERT-20260710-012,alta,32.9,-4.702356666666667,41.96888333333333,3,3,3,85.9,40.5,4.6,2026-07-10 13:14:00,"VIIRS_NOAA20_NRT, VIIRS_SNPP_NRT","N, N20",VIIRS,<strong>ALERT-20260710-012</strong><br>Nivel: alta<br>Focos: 3<br>Últimas 6 h: 3<br>FRP total: 85.9 MW<br>Última detección UTC: 2026-07-10 13:14:00
ALERT-20260710-013,alta,30.2,-5.268136666666667,32.417566666666666,3,3,3,20.7,9.5,3.2,2026-07-10 14:33:00,VIIRS_SNPP_NRT,N,VIIRS,<strong>ALERT-20260710-013</strong><br>Nivel: alta<br>Focos: 3<br>Últimas 6 h: 3<br>FRP total: 20.7 MW<br>Última detección UTC: 2026-07-10 14:33:00
ALERT-20260710-014,alta,29.6,4.99609,35.96465666666667,3,3,3,15.4,6.9,4.6,2026-07-10 13:12:00,"VIIRS_NOAA20_NRT, VIIRS_SNPP_NRT","N, N20",VIIRS,<strong>ALERT-20260710-014</strong><br>Nivel: alta<br>Focos: 3<br>Últimas 6 h: 3<br>FRP total: 15.4 MW<br>Última detección UTC: 2026-07-10 13:12:00
ALERT-20260710-015,alta,27.3,0.126148,36.017382,5,2,4,7.8,1.9,4.6,2026-07-10 13:14:00,"VIIRS_NOAA20_NRT, VIIRS_SNPP_NRT","N, N20",VIIRS,<strong>ALERT-20260710-015</strong><br>Nivel: alta<br>Focos: 5<br>Últimas 6 h: 2<br>FRP total: 7.8 MW<br>Última detección UTC: 2026-07-10 13:14:00
ALERT-20260710-016,alta,24.5,-3.484175,40.004999999999995,2,2,2,70.2,45.2,4.9,2026-07-10 12:55:00,VIIRS_SNPP_NRT,N,VIIRS,<strong>ALERT-20260710-016</strong><br>Nivel: alta<br>Focos: 2<br>Últimas 6 h: 2<br>FRP total: 70.2 MW<br>Última detección UTC: 2026-07-10 12:55:00
ALERT-20260710-017,alta,23.3,-5.562146666666667,42.58166333333333,3,2,2,22.4,16.1,4.9,2026-07-10 12:55:00,VIIRS_SNPP_NRT,N,VIIRS,<strong>ALERT-20260710-017</strong><br>Nivel: alta<br>Focos: 3<br>Últimas 6 h: 2<br>FRP total: 22.4 MW<br>Última detección UTC: 2026-07-10 12:55:00
ALERT-20260710-018,alta,21.5,-8.534595,32.588525000000004,2,2,2,14.6,7.4,4.6,2026-07-10 13:12:00,VIIRS_NOAA20_NRT,N20,VIIRS,<strong>ALERT-20260710-018</strong><br>Nivel: alta<br>Focos: 2<br>Últimas 6 h: 2<br>FRP total: 14.6 MW<br>Última detección UTC: 2026-07-10 13:12:00
ALERT-20260710-019,alta,13.4,-4.945173333333333,37.75129,3,0,0,177.3,146.7,28.3,2026-07-09 13:31:00,"VIIRS_NOAA20_NRT, VIIRS_SNPP_NRT","N, N20",VIIRS,<strong>ALERT-20260710-019</strong><br>Nivel: alta<br>Focos: 3<br>Últimas 6 h: 0<br>FRP total: 177.3 MW<br>Última detección UTC: 2026-07-09 13:31:00
ALERT-20260710-020,media,70.3,-0.2628933333333333,35.80390966666667,30,1,13,101.5,14.1,4.6,2026-07-10 13:14:00,"VIIRS_NOAA20_NRT, VIIRS_SNPP_NRT","N, N20",VIIRS,<strong>ALERT-20260710-020</strong><br>Nivel: media<br>Focos: 30<br>Últimas 6 h: 1<br>FRP total: 101.5 MW<br>Última detección UTC: 2026-07-10 13:14:00
ALERT-20260710-021,media,53,-3.7700027906976743,39.81244325581395,43,0,0,149.7,7.2,38.3,2026-07-09 03:32:00,"VIIRS_NOAA20_NRT, VIIRS_SNPP_NRT","N, N20",VIIRS,<strong>ALERT-20260710-021</strong><br>Nivel: media<br>Focos: 43<br>Últimas 6 h: 0<br>FRP total: 149.7 MW<br>Última detección UTC: 2026-07-09 03:32:00
ALERT-20260710-022,media,48.6,3.2301686363636364,32.94138681818182,22,0,10,26.7,2.9,15.9,2026-07-10 01:54:00,"VIIRS_NOAA20_NRT, VIIRS_SNPP_NRT","N, N20",VIIRS,<strong>ALERT-20260710-022</strong><br>Nivel: media<br>Focos: 22<br>Últimas 6 h: 0<br>FRP total: 26.7 MW<br>Última detección UTC: 2026-07-10 01:54:00
ALERT-20260710-023,media,35.9,3.141671176470588,36.660067647058824,17,0,6,29.8,3.7,15.9,2026-07-10 01:52:00,"VIIRS_NOAA20_NRT, VIIRS_SNPP_NRT","N, N20",VIIRS,<strong>ALERT-20260710-023</strong><br>Nivel: media<br>Focos: 17<br>Últimas 6 h: 0<br>FRP total: 29.8 MW<br>Última detección UTC: 2026-07-10 01:52:00
ALERT-20260710-024,media,26.5,3.9863222222222223,32.27664333333333,9,1,3,25.2,4.2,4.6,2026-07-10 13:12:00,"VIIRS_NOAA20_NRT, VIIRS_SNPP_NRT","N, N20",VIIRS,<strong>ALERT-20260710-024</strong><br>Nivel: media<br>Focos: 9<br>Últimas 6 h: 1<br>FRP total: 25.2 MW<br>Última detección UTC: 2026-07-10 13:12:00
ALERT-20260710-025,media,24.7,3.180735,32.74644125,8,0,6,9.3,2,15.9,2026-07-10 01:54:00,"VIIRS_NOAA20_NRT, VIIRS_SNPP_NRT","N, N20",VIIRS,<strong>ALERT-20260710-025</strong><br>Nivel: media<br>Focos: 8<br>Últimas 6 h: 0<br>FRP total: 9.3 MW<br>Última detección UTC: 2026-07-10 01:54:00
ALERT-20260710-026,media,23.2,-7.552678333333334,31.51728333333333,6,0,6,12.8,3.1,14.5,2026-07-10 03:15:00,"VIIRS_NOAA20_NRT, VIIRS_SNPP_NRT","N, N20",VIIRS,<strong>ALERT-20260710-026</strong><br>Nivel: media<br>Focos: 6<br>Últimas 6 h: 0<br>FRP total: 12.8 MW<br>Última detección UTC: 2026-07-10 03:15:00
ALERT-20260710-027,media,22.9,-5.892887142857143,43.104818571428574,14,0,0,83.5,14.1,28.2,2026-07-09 13:33:00,"VIIRS_NOAA20_NRT, VIIRS_SNPP_NRT","N, N20",VIIRS,<strong>ALERT-20260710-027</strong><br>Nivel: media<br>Focos: 14<br>Últimas 6 h: 0<br>FRP total: 83.5 MW<br>Última detección UTC: 2026-07-09 13:33:00
ALERT-20260710-028,media,22.2,4.485604,36.57117,5,0,5,35.8,11.7,15.9,2026-07-10 01:52:00,"VIIRS_NOAA20_NRT, VIIRS_SNPP_NRT","N, N20",VIIRS,<strong>ALERT-20260710-028</strong><br>Nivel: media<br>Focos: 5<br>Últimas 6 h: 0<br>FRP total: 35.8 MW<br>Última detección UTC: 2026-07-10 01:52:00
ALERT-20260710-029,media,21.6,3.168262,32.555144,5,1,3,15.2,5.8,4.6,2026-07-10 13:12:00,"VIIRS_NOAA20_NRT, VIIRS_SNPP_NRT","N, N20",VIIRS,<strong>ALERT-20260710-029</strong><br>Nivel: media<br>Focos: 5<br>Últimas 6 h: 1<br>FRP total: 15.2 MW<br>Última detección UTC: 2026-07-10 13:12:00
ALERT-20260710-030,media,16.8,-7.814464285714285,40.90752428571429,7,0,0,134.1,26.1,28.2,2026-07-09 13:33:00,"VIIRS_NOAA20_NRT, VIIRS_SNPP_NRT","N, N20",VIIRS,<strong>ALERT-20260710-030</strong><br>Nivel: media<br>Focos: 7<br>Últimas 6 h: 0<br>FRP total: 134.1 MW<br>Última detección UTC: 2026-07-09 13:33:00
ALERT-20260710-031,media,16.8,4.476555,35.70887333333334,6,0,3,10,2.3,15.9,2026-07-10 01:52:00,"VIIRS_NOAA20_NRT, VIIRS_SNPP_NRT","N, N20",VIIRS,<strong>ALERT-20260710-031</strong><br>Nivel: media<br>Focos: 6<br>Últimas 6 h: 0<br>FRP total: 10 MW<br>Última detección UTC: 2026-07-10 01:52:00
ALERT-20260710-032,media,15.1,4.448846,35.879436,5,0,3,6.6,1.8,15.9,2026-07-10 01:52:00,"VIIRS_NOAA20_NRT, VIIRS_SNPP_NRT","N, N20",VIIRS,<strong>ALERT-20260710-032</strong><br>Nivel: media<br>Focos: 5<br>Últimas 6 h: 0<br>FRP total: 6.6 MW<br>Última detección UTC: 2026-07-10 01:52:00
ALERT-20260710-033,media,15,1.9142000000000001,41.778985,6,0,2,11.3,4.8,15.9,2026-07-10 01:52:00,"VIIRS_NOAA20_NRT, VIIRS_SNPP_NRT","N, N20",VIIRS,<strong>ALERT-20260710-033</strong><br>Nivel: media<br>Focos: 6<br>Últimas 6 h: 0<br>FRP total: 11.3 MW<br>Última detección UTC: 2026-07-10 01:52:00
ALERT-20260710-034,media,14.8,-1.374175,35.27641,2,1,2,5.7,4.3,4.9,2026-07-10 12:53:00,"VIIRS_NOAA20_NRT, VIIRS_SNPP_NRT","N, N20",VIIRS,<strong>ALERT-20260710-034</strong><br>Nivel: media<br>Focos: 2<br>Últimas 6 h: 1<br>FRP total: 5.7 MW<br>Última detección UTC: 2026-07-10 12:53:00
ALERT-20260710-035,media,14.4,4.006086666666667,32.402681666666666,6,0,2,8.1,1.8,15.9,2026-07-10 01:54:00,"VIIRS_NOAA20_NRT, VIIRS_SNPP_NRT","N, N20",VIIRS,<strong>ALERT-20260710-035</strong><br>Nivel: media<br>Focos: 6<br>Últimas 6 h: 0<br>FRP total: 8.1 MW<br>Última detección UTC: 2026-07-10 01:54:00
ALERT-20260710-036,media,13.7,-3.94726,40.31432,1,1,1,16.5,16.5,4.9,2026-07-10 12:55:00,VIIRS_SNPP_NRT,N,VIIRS,<strong>ALERT-20260710-036</strong><br>Nivel: media<br>Focos: 1<br>Últimas 6 h: 1<br>FRP total: 16.5 MW<br>Última detección UTC: 2026-07-10 12:55:00
ALERT-20260710-037,media,13.5,2.876998,36.597026,5,0,2,8.3,3.3,15.9,2026-07-10 01:52:00,"VIIRS_NOAA20_NRT, VIIRS_SNPP_NRT","N, N20",VIIRS,<strong>ALERT-20260710-037</strong><br>Nivel: media<br>Focos: 5<br>Últimas 6 h: 0<br>FRP total: 8.3 MW<br>Última detección UTC: 2026-07-10 01:52:00
ALERT-20260710-038,media,13.3,-6.05712,31.26131,1,1,1,13.5,13.5,4.9,2026-07-10 12:51:00,VIIRS_SNPP_NRT,N,VIIRS,<strong>ALERT-20260710-038</strong><br>Nivel: media<br>Focos: 1<br>Últimas 6 h: 1<br>FRP total: 13.5 MW<br>Última detección UTC: 2026-07-10 12:51:00
ALERT-20260710-039,media,13.3,1.6690800000000001,41.560244000000004,5,0,2,7.6,3.1,15.9,2026-07-10 01:52:00,"VIIRS_NOAA20_NRT, VIIRS_SNPP_NRT","N, N20",VIIRS,<strong>ALERT-20260710-039</strong><br>Nivel: media<br>Focos: 5<br>Últimas 6 h: 0<br>FRP total: 7.6 MW<br>Última detección UTC: 2026-07-10 01:52:00
ALERT-20260710-040,media,13.2,-0.275586,35.530978,5,0,2,7,2.1,15.9,2026-07-10 01:52:00,"VIIRS_NOAA20_NRT, VIIRS_SNPP_NRT","N, N20",VIIRS,<strong>ALERT-20260710-040</strong><br>Nivel: media<br>Focos: 5<br>Últimas 6 h: 0<br>FRP total: 7 MW<br>Última detección UTC: 2026-07-10 01:52:00
ALERT-20260710-041,media,13.1,-0.516915,28.20038,4,0,2,11.7,3.9,15.9,2026-07-10 01:56:00,"VIIRS_NOAA20_NRT, VIIRS_SNPP_NRT","N, N20",VIIRS,<strong>ALERT-20260710-041</strong><br>Nivel: media<br>Focos: 4<br>Últimas 6 h: 0<br>FRP total: 11.7 MW<br>Última detección UTC: 2026-07-10 01:56:00
ALERT-20260710-042,media,13,-0.158284,28.212224,5,0,2,6.3,2.1,15.9,2026-07-10 01:56:00,"VIIRS_NOAA20_NRT, VIIRS_SNPP_NRT","N, N20",VIIRS,<strong>ALERT-20260710-042</strong><br>Nivel: media<br>Focos: 5<br>Últimas 6 h: 0<br>FRP total: 6.3 MW<br>Última detección UTC: 2026-07-10 01:56:00
ALERT-20260710-043,media,12.8,1.356462,35.3403,5,0,2,5.8,1.7,15.9,2026-07-10 01:52:00,"VIIRS_NOAA20_NRT, VIIRS_SNPP_NRT","N, N20",VIIRS,<strong>ALERT-20260710-043</strong><br>Nivel: media<br>Focos: 5<br>Últimas 6 h: 0<br>FRP total: 5.8 MW<br>Última detección UTC: 2026-07-10 01:52:00
ALERT-20260710-044,media,12.8,4.848193333333334,43.998133333333335,3,0,3,5.6,2,16,2026-07-10 01:49:00,"VIIRS_NOAA20_NRT, VIIRS_SNPP_NRT","N, N20",VIIRS,<strong>ALERT-20260710-044</strong><br>Nivel: media<br>Focos: 3<br>Últimas 6 h: 0<br>FRP total: 5.6 MW<br>Última detección UTC: 2026-07-10 01:49:00
ALERT-20260710-045,media,12.7,0.539896,35.78355,5,0,2,5.5,1.4,15.9,2026-07-10 01:52:00,"VIIRS_NOAA20_NRT, VIIRS_SNPP_NRT","N, N20",VIIRS,<strong>ALERT-20260710-045</strong><br>Nivel: media<br>Focos: 5<br>Últimas 6 h: 0<br>FRP total: 5.5 MW<br>Última detección UTC: 2026-07-10 01:52:00
ALERT-20260710-046,media,12.6,3.78298,32.00908,1,1,1,9.2,9.2,4.6,2026-07-10 13:12:00,VIIRS_NOAA20_NRT,N20,VIIRS,<strong>ALERT-20260710-046</strong><br>Nivel: media<br>Focos: 1<br>Últimas 6 h: 1<br>FRP total: 9.2 MW<br>Última detección UTC: 2026-07-10 13:12:00
ALERT-20260710-047,media,12.6,3.7482025,36.179117500000004,4,0,2,9.1,3.1,15.9,2026-07-10 01:52:00,"VIIRS_NOAA20_NRT, VIIRS_SNPP_NRT","N, N20",VIIRS,<strong>ALERT-20260710-047</strong><br>Nivel: media<br>Focos: 4<br>Últimas 6 h: 0<br>FRP total: 9.1 MW<br>Última detección UTC: 2026-07-10 01:52:00
ALERT-20260710-048,media,12.5,0.746425,42.675335000000004,4,0,0,69.5,24.5,28.6,2026-07-09 13:14:00,"VIIRS_NOAA20_NRT, VIIRS_SNPP_NRT","N, N20",VIIRS,<strong>ALERT-20260710-048</strong><br>Nivel: media<br>Focos: 4<br>Últimas 6 h: 0<br>FRP total: 69.5 MW<br>Última detección UTC: 2026-07-09 13:14:00
ALERT-20260710-049,media,12.3,1.24013,36.12998666666667,3,0,3,4.1,1.4,15.9,2026-07-10 01:52:00,"VIIRS_NOAA20_NRT, VIIRS_SNPP_NRT","N, N20",VIIRS,<strong>ALERT-20260710-049</strong><br>Nivel: media<br>Focos: 3<br>Últimas 6 h: 0<br>FRP total: 4.1 MW<br>Última detección UTC: 2026-07-10 01:52:00
ALERT-20260710-050,media,12.1,1.38798,34.99984,1,1,1,6.8,6.8,4.6,2026-07-10 13:12:00,VIIRS_NOAA20_NRT,N20,VIIRS,<strong>ALERT-20260710-050</strong><br>Nivel: media<br>Focos: 1<br>Últimas 6 h: 1<br>FRP total: 6.8 MW<br>Última detección UTC: 2026-07-10 13:12:00
ALERT-20260710-051,media,12.1,-7.549025,33.61383,2,1,1,3.6,2.2,3.2,2026-07-10 14:33:00,VIIRS_SNPP_NRT,N,VIIRS,<strong>ALERT-20260710-051</strong><br>Nivel: media<br>Focos: 2<br>Últimas 6 h: 1<br>FRP total: 3.6 MW<br>Última detección UTC: 2026-07-10 14:33:00
ALERT-20260710-052,media,11.9,-6.45868,33.9636125,4,0,0,52.1,18.5,28.6,2026-07-09 13:12:00,VIIRS_SNPP_NRT,N,VIIRS,<strong>ALERT-20260710-052</strong><br>Nivel: media<br>Focos: 4<br>Últimas 6 h: 0<br>FRP total: 52.1 MW<br>Última detección UTC: 2026-07-09 13:12:00
ALERT-20260710-053,media,11.7,-5.82131,41.43694,1,1,1,5.4,5.4,4.9,2026-07-10 12:55:00,VIIRS_SNPP_NRT,N,VIIRS,<strong>ALERT-20260710-053</strong><br>Nivel: media<br>Focos: 1<br>Últimas 6 h: 1<br>FRP total: 5.4 MW<br>Última detección UTC: 2026-07-10 12:55:00
ALERT-20260710-054,media,11.3,0.5416825,40.5775175,4,0,2,4.3,1.2,15.9,2026-07-10 01:52:00,"VIIRS_NOAA20_NRT, VIIRS_SNPP_NRT","N, N20",VIIRS,<strong>ALERT-20260710-054</strong><br>Nivel: media<br>Focos: 4<br>Últimas 6 h: 0<br>FRP total: 4.3 MW<br>Última detección UTC: 2026-07-10 01:52:00
ALERT-20260710-055,media,11.2,-4.19417,31.42618,1,1,1,4,4,3.2,2026-07-10 14:33:00,VIIRS_SNPP_NRT,N,VIIRS,<strong>ALERT-20260710-055</strong><br>Nivel: media<br>Focos: 1<br>Últimas 6 h: 1<br>FRP total: 4 MW<br>Última detección UTC: 2026-07-10 14:33:00
ALERT-20260710-056,media,11.2,-6.10663,36.51889,1,1,1,3.9,3.9,4.6,2026-07-10 13:14:00,VIIRS_NOAA20_NRT,N20,VIIRS,<strong>ALERT-20260710-056</strong><br>Nivel: media<br>Focos: 1<br>Últimas 6 h: 1<br>FRP total: 3.9 MW<br>Última detección UTC: 2026-07-10 13:14:00
ALERT-20260710-057,media,11,-0.57172,35.63475,1,1,1,3.4,3.4,4.6,2026-07-10 13:12:00,VIIRS_NOAA20_NRT,N20,VIIRS,<strong>ALERT-20260710-057</strong><br>Nivel: media<br>Focos: 1<br>Últimas 6 h: 1<br>FRP total: 3.4 MW<br>Última detección UTC: 2026-07-10 13:12:00
ALERT-20260710-058,media,10.6,-6.120515,39.286744999999996,2,0,0,71.8,58,28.3,2026-07-09 13:31:00,VIIRS_NOAA20_NRT,N20,VIIRS,<strong>ALERT-20260710-058</strong><br>Nivel: media<br>Focos: 2<br>Últimas 6 h: 0<br>FRP total: 71.8 MW<br>Última detección UTC: 2026-07-09 13:31:00
ALERT-20260710-059,media,10.6,-4.28302,34.86686,1,1,1,2.6,2.6,4.6,2026-07-10 13:12:00,VIIRS_NOAA20_NRT,N20,VIIRS,<strong>ALERT-20260710-059</strong><br>Nivel: media<br>Focos: 1<br>Últimas 6 h: 1<br>FRP total: 2.6 MW<br>Última detección UTC: 2026-07-10 13:12:00
ALERT-20260710-060,media,10.4,-4.048963333333334,38.669653333333336,3,0,2,4.6,1.8,15.9,2026-07-10 01:52:00,"VIIRS_NOAA20_NRT, VIIRS_SNPP_NRT","N, N20",VIIRS,<strong>ALERT-20260710-060</strong><br>Nivel: media<br>Focos: 3<br>Últimas 6 h: 0<br>FRP total: 4.6 MW<br>Última detección UTC: 2026-07-10 01:52:00
ALERT-20260710-061,media,10,-6.12957,35.18155,1,1,1,1.7,1.7,4.9,2026-07-10 12:53:00,VIIRS_SNPP_NRT,N,VIIRS,<strong>ALERT-20260710-061</strong><br>Nivel: media<br>Focos: 1<br>Últimas 6 h: 1<br>FRP total: 1.7 MW<br>Última detección UTC: 2026-07-10 12:53:00
ALERT-20260710-062,media,9.5,4.12182,36.69831,1,1,1,1.1,1.1,4.6,2026-07-10 13:14:00,VIIRS_NOAA20_NRT,N20,VIIRS,<strong>ALERT-20260710-062</strong><br>Nivel: media<br>Focos: 1<br>Últimas 6 h: 1<br>FRP total: 1.1 MW<br>Última detección UTC: 2026-07-10 13:14:00
ALERT-20260710-063,media,9.3,3.525905,36.67543,2,0,2,4.3,2.3,15.9,2026-07-10 01:52:00,"VIIRS_NOAA20_NRT, VIIRS_SNPP_NRT","N, N20",VIIRS,<strong>ALERT-20260710-063</strong><br>Nivel: media<br>Focos: 2<br>Últimas 6 h: 0<br>FRP total: 4.3 MW<br>Última detección UTC: 2026-07-10 01:52:00
ALERT-20260710-064,media,8.3,-8.997164999999999,32.128915000000006,2,0,2,2.2,1.3,15.9,2026-07-10 01:54:00,VIIRS_NOAA20_NRT,N20,VIIRS,<strong>ALERT-20260710-064</strong><br>Nivel: media<br>Focos: 2<br>Últimas 6 h: 0<br>FRP total: 2.2 MW<br>Última detección UTC: 2026-07-10 01:54:00
ALERT-20260710-065,media,7.2,0.181785,28.48872,2,0,2,0.8,0.5,15.9,2026-07-10 01:54:00,"VIIRS_NOAA20_NRT, VIIRS_SNPP_NRT","N, N20",VIIRS,<strong>ALERT-20260710-065</strong><br>Nivel: media<br>Focos: 2<br>Últimas 6 h: 0<br>FRP total: 0.8 MW<br>Última detección UTC: 2026-07-10 01:54:00
ALERT-20260710-066,seguimiento,9.8,-8.603645,33.1221325,4,0,1,5.8,1.6,14.5,2026-07-10 03:15:00,"VIIRS_NOAA20_NRT, VIIRS_SNPP_NRT","N, N20",VIIRS,<strong>ALERT-20260710-066</strong><br>Nivel: seguimiento<br>Focos: 4<br>Últimas 6 h: 0<br>FRP total: 5.8 MW<br>Última detección UTC: 2026-07-10 03:15:00
ALERT-20260710-067,seguimiento,8.5,-1.9051500000000001,36.96693333333333,3,0,1,4.8,1.8,15.9,2026-07-10 01:52:00,"VIIRS_NOAA20_NRT, VIIRS_SNPP_NRT","N, N20",VIIRS,<strong>ALERT-20260710-067</strong><br>Nivel: seguimiento<br>Focos: 3<br>Últimas 6 h: 0<br>FRP total: 4.8 MW<br>Última detección UTC: 2026-07-10 01:52:00
ALERT-20260710-068,seguimiento,8.4,1.9846766666666666,41.43926666666667,3,0,1,4.5,2.1,15.9,2026-07-10 01:52:00,"VIIRS_NOAA20_NRT, VIIRS_SNPP_NRT","N, N20",VIIRS,<strong>ALERT-20260710-068</strong><br>Nivel: seguimiento<br>Focos: 3<br>Últimas 6 h: 0<br>FRP total: 4.5 MW<br>Última detección UTC: 2026-07-10 01:52:00
ALERT-20260710-069,seguimiento,8.3,2.0570066666666666,34.43815,3,0,1,4.1,1.9,16.2,2026-07-10 01:34:00,VIIRS_SNPP_NRT,N,VIIRS,<strong>ALERT-20260710-069</strong><br>Nivel: seguimiento<br>Focos: 3<br>Últimas 6 h: 0<br>FRP total: 4.1 MW<br>Última detección UTC: 2026-07-10 01:34:00
ALERT-20260710-070,seguimiento,8.2,-1.4885133333333334,41.47627333333333,3,0,1,4,1.6,16.3,2026-07-10 01:32:00,"VIIRS_NOAA20_NRT, VIIRS_SNPP_NRT","N, N20",VIIRS,<strong>ALERT-20260710-070</strong><br>Nivel: seguimiento<br>Focos: 3<br>Últimas 6 h: 0<br>FRP total: 4 MW<br>Última detección UTC: 2026-07-10 01:32:00
ALERT-20260710-071,seguimiento,7.6,2.928663333333333,36.140843333333336,3,0,1,2.6,1.4,15.9,2026-07-10 01:52:00,"VIIRS_NOAA20_NRT, VIIRS_SNPP_NRT","N, N20",VIIRS,<strong>ALERT-20260710-071</strong><br>Nivel: seguimiento<br>Focos: 3<br>Últimas 6 h: 0<br>FRP total: 2.6 MW<br>Última detección UTC: 2026-07-10 01:52:00
ALERT-20260710-072,seguimiento,6.6,-0.93729,35.567255,2,0,1,2.6,1.3,15.9,2026-07-10 01:52:00,VIIRS_NOAA20_NRT,N20,VIIRS,<strong>ALERT-20260710-072</strong><br>Nivel: seguimiento<br>Focos: 2<br>Últimas 6 h: 0<br>FRP total: 2.6 MW<br>Última detección UTC: 2026-07-10 01:52:00
ALERT-20260710-073,seguimiento,5.9,-5.37615,35.558225,2,0,1,1.6,0.9,15.9,2026-07-10 01:52:00,"VIIRS_NOAA20_NRT, VIIRS_SNPP_NRT","N, N20",VIIRS,<strong>ALERT-20260710-073</strong><br>Nivel: seguimiento<br>Focos: 2<br>Últimas 6 h: 0<br>FRP total: 1.6 MW<br>Última detección UTC: 2026-07-10 01:52:00
ALERT-20260710-074,seguimiento,5.8,-7.147585,32.988325,2,0,1,1.5,0.8,15.9,2026-07-10 01:54:00,VIIRS_NOAA20_NRT,N20,VIIRS,<strong>ALERT-20260710-074</strong><br>Nivel: seguimiento<br>Focos: 2<br>Últimas 6 h: 0<br>FRP total: 1.5 MW<br>Última detección UTC: 2026-07-10 01:54:00
ALERT-20260710-075,seguimiento,5.8,4.744770000000001,32.17499,2,0,1,1.4,0.8,15.9,2026-07-10 01:54:00,VIIRS_NOAA20_NRT,N20,VIIRS,<strong>ALERT-20260710-075</strong><br>Nivel: seguimiento<br>Focos: 2<br>Últimas 6 h: 0<br>FRP total: 1.4 MW<br>Última detección UTC: 2026-07-10 01:54:00
ALERT-20260710-076,seguimiento,4.8,-5.99681,34.59237,1,0,1,1.4,1.4,15.9,2026-07-10 01:54:00,VIIRS_NOAA20_NRT,N20,VIIRS,<strong>ALERT-20260710-076</strong><br>Nivel: seguimiento<br>Focos: 1<br>Últimas 6 h: 0<br>FRP total: 1.4 MW<br>Última detección UTC: 2026-07-10 01:54:00
ALERT-20260710-077,seguimiento,4.8,-5.07509,36.49533,1,0,1,1.4,1.4,15.9,2026-07-10 01:52:00,VIIRS_NOAA20_NRT,N20,VIIRS,<strong>ALERT-20260710-077</strong><br>Nivel: seguimiento<br>Focos: 1<br>Últimas 6 h: 0<br>FRP total: 1.4 MW<br>Última detección UTC: 2026-07-10 01:52:00
ALERT-20260710-078,seguimiento,4.5,-0.34349,33.47574,1,0,1,1.1,1.1,15.9,2026-07-10 01:54:00,VIIRS_NOAA20_NRT,N20,VIIRS,<strong>ALERT-20260710-078</strong><br>Nivel: seguimiento<br>Focos: 1<br>Últimas 6 h: 0<br>FRP total: 1.1 MW<br>Última detección UTC: 2026-07-10 01:54:00
ALERT-20260710-079,seguimiento,4.4,1.90145,30.91183,1,0,1,1,1,15.9,2026-07-10 01:54:00,VIIRS_NOAA20_NRT,N20,VIIRS,<strong>ALERT-20260710-079</strong><br>Nivel: seguimiento<br>Focos: 1<br>Últimas 6 h: 0<br>FRP total: 1 MW<br>Última detección UTC: 2026-07-10 01:54:00
ALERT-20260710-080,seguimiento,4.4,-9.01101,38.92334,1,0,1,1,1,15.9,2026-07-10 01:52:00,VIIRS_NOAA20_NRT,N20,VIIRS,<strong>ALERT-20260710-080</strong><br>Nivel: seguimiento<br>Focos: 1<br>Últimas 6 h: 0<br>FRP total: 1 MW<br>Última detección UTC: 2026-07-10 01:52:00
ALERT-20260710-081,seguimiento,4.3,-1.65519,32.08113,1,0,1,0.9,0.9,15.9,2026-07-10 01:54:00,VIIRS_NOAA20_NRT,N20,VIIRS,<strong>ALERT-20260710-081</strong><br>Nivel: seguimiento<br>Focos: 1<br>Últimas 6 h: 0<br>FRP total: 0.9 MW<br>Última detección UTC: 2026-07-10 01:54:00
ALERT-20260710-082,seguimiento,4.2,-8.07866,31.62546,1,0,1,0.8,0.8,15.9,2026-07-10 01:54:00,VIIRS_NOAA20_NRT,N20,VIIRS,<strong>ALERT-20260710-082</strong><br>Nivel: seguimiento<br>Focos: 1<br>Últimas 6 h: 0<br>FRP total: 0.8 MW<br>Última detección UTC: 2026-07-10 01:54:00
ALERT-20260710-083,seguimiento,4.2,-0.69869,35.59962,1,0,1,0.8,0.8,15.9,2026-07-10 01:52:00,VIIRS_NOAA20_NRT,N20,VIIRS,<strong>ALERT-20260710-083</strong><br>Nivel: seguimiento<br>Focos: 1<br>Últimas 6 h: 0<br>FRP total: 0.8 MW<br>Última detección UTC: 2026-07-10 01:52:00
ALERT-20260710-084,seguimiento,4.1,3.03295,30.42385,1,0,1,0.7,0.7,16.2,2026-07-10 01:37:00,VIIRS_SNPP_NRT,N,VIIRS,<strong>ALERT-20260710-084</strong><br>Nivel: seguimiento<br>Focos: 1<br>Últimas 6 h: 0<br>FRP total: 0.7 MW<br>Última detección UTC: 2026-07-10 01:37:00
ALERT-20260710-085,seguimiento,3.9,3.02808,43.02488,1,0,1,0.6,0.6,16,2026-07-10 01:49:00,VIIRS_NOAA20_NRT,N20,VIIRS,<strong>ALERT-20260710-085</strong><br>Nivel: seguimiento<br>Focos: 1<br>Últimas 6 h: 0<br>FRP total: 0.6 MW<br>Última detección UTC: 2026-07-10 01:49:00
ALERT-20260710-086,seguimiento,3.9,-2.21939,43.0423,1,0,1,0.6,0.6,16,2026-07-10 01:49:00,VIIRS_NOAA20_NRT,N20,VIIRS,<strong>ALERT-20260710-086</strong><br>Nivel: seguimiento<br>Focos: 1<br>Últimas 6 h: 0<br>FRP total: 0.6 MW<br>Última detección UTC: 2026-07-10 01:49:00
ALERT-20260710-087,informativa,19.5,0.4864046153846154,41.86576615384615,13,0,0,25.4,3.9,39.6,2026-07-09 02:11:00,"VIIRS_NOAA20_NRT, VIIRS_SNPP_NRT","N, N20",VIIRS,<strong>ALERT-20260710-087</strong><br>Nivel: informativa<br>Focos: 13<br>Últimas 6 h: 0<br>FRP total: 25.4 MW<br>Última detección UTC: 2026-07-09 02:11:00
ALERT-20260710-088,informativa,12.6,-1.313796,34.898182,5,0,0,44.7,22.7,28.3,2026-07-09 13:31:00,"VIIRS_NOAA20_NRT, VIIRS_SNPP_NRT","N, N20",VIIRS,<strong>ALERT-20260710-088</strong><br>Nivel: informativa<br>Focos: 5<br>Últimas 6 h: 0<br>FRP total: 44.7 MW<br>Última detección UTC: 2026-07-09 13:31:00
ALERT-20260710-089,informativa,11.5,-8.518865,41.8130825,4,0,0,42.1,16,28.2,2026-07-09 13:33:00,"VIIRS_NOAA20_NRT, VIIRS_SNPP_NRT","N, N20",VIIRS,<strong>ALERT-20260710-089</strong><br>Nivel: informativa<br>Focos: 4<br>Últimas 6 h: 0<br>FRP total: 42.1 MW<br>Última detección UTC: 2026-07-09 13:33:00
ALERT-20260710-090,informativa,11,-4.750062,43.355641999999996,5,0,0,18.9,5.3,28.2,2026-07-09 13:33:00,"VIIRS_NOAA20_NRT, VIIRS_SNPP_NRT","N, N20",VIIRS,<strong>ALERT-20260710-090</strong><br>Nivel: informativa<br>Focos: 5<br>Últimas 6 h: 0<br>FRP total: 18.9 MW<br>Última detección UTC: 2026-07-09 13:33:00
ALERT-20260710-091,informativa,10.6,-7.426164,33.096696,5,0,0,15.4,10,38.2,2026-07-09 03:34:00,"VIIRS_NOAA20_NRT, VIIRS_SNPP_NRT","N, N20",VIIRS,<strong>ALERT-20260710-091</strong><br>Nivel: informativa<br>Focos: 5<br>Últimas 6 h: 0<br>FRP total: 15.4 MW<br>Última detección UTC: 2026-07-09 03:34:00
ALERT-20260710-092,informativa,10,2.880656666666667,42.69951,3,0,0,32.3,17.8,28.2,2026-07-09 13:33:00,"VIIRS_NOAA20_NRT, VIIRS_SNPP_NRT","N, N20",VIIRS,<strong>ALERT-20260710-092</strong><br>Nivel: informativa<br>Focos: 3<br>Últimas 6 h: 0<br>FRP total: 32.3 MW<br>Última detección UTC: 2026-07-09 13:33:00
ALERT-20260710-093,informativa,9.7,1.192918,41.588192,5,0,0,9.4,4,29.9,2026-07-09 11:51:00,"VIIRS_NOAA20_NRT, VIIRS_SNPP_NRT","N, N20",VIIRS,<strong>ALERT-20260710-093</strong><br>Nivel: informativa<br>Focos: 5<br>Últimas 6 h: 0<br>FRP total: 9.4 MW<br>Última detección UTC: 2026-07-09 11:51:00
ALERT-20260710-094,informativa,9.4,0.8831833333333333,41.62164333333333,3,0,0,23,11.8,39.6,2026-07-09 02:11:00,"VIIRS_NOAA20_NRT, VIIRS_SNPP_NRT","N, N20",VIIRS,<strong>ALERT-20260710-094</strong><br>Nivel: informativa<br>Focos: 3<br>Últimas 6 h: 0<br>FRP total: 23 MW<br>Última detección UTC: 2026-07-09 02:11:00
ALERT-20260710-095,informativa,8.6,2.85955,36.47293,1,0,0,42.8,42.8,28.6,2026-07-09 13:12:00,VIIRS_SNPP_NRT,N,VIIRS,<strong>ALERT-20260710-095</strong><br>Nivel: informativa<br>Focos: 1<br>Últimas 6 h: 0<br>FRP total: 42.8 MW<br>Última detección UTC: 2026-07-09 13:12:00
ALERT-20260710-096,informativa,8.4,-8.203875,41.319685,2,0,0,24.1,16.8,28.2,2026-07-09 13:33:00,"VIIRS_NOAA20_NRT, VIIRS_SNPP_NRT","N, N20",VIIRS,<strong>ALERT-20260710-096</strong><br>Nivel: informativa<br>Focos: 2<br>Últimas 6 h: 0<br>FRP total: 24.1 MW<br>Última detección UTC: 2026-07-09 13:33:00
ALERT-20260710-097,informativa,8.2,2.35007,36.57303,1,0,0,35.9,35.9,28.3,2026-07-09 13:31:00,VIIRS_NOAA20_NRT,N20,VIIRS,<strong>ALERT-20260710-097</strong><br>Nivel: informativa<br>Focos: 1<br>Últimas 6 h: 0<br>FRP total: 35.9 MW<br>Última detección UTC: 2026-07-09 13:31:00
ALERT-20260710-098,informativa,7.7,-2.3747275,34.60177,4,0,0,5.4,2.3,39.6,2026-07-09 02:11:00,"VIIRS_NOAA20_NRT, VIIRS_SNPP_NRT","N, N20",VIIRS,<strong>ALERT-20260710-098</strong><br>Nivel: informativa<br>Focos: 4<br>Últimas 6 h: 0<br>FRP total: 5.4 MW<br>Última detección UTC: 2026-07-09 02:11:00
ALERT-20260710-099,informativa,7.6,1.07063,35.57816,1,0,0,26.3,26.3,28.6,2026-07-09 13:12:00,VIIRS_SNPP_NRT,N,VIIRS,<strong>ALERT-20260710-099</strong><br>Nivel: informativa<br>Focos: 1<br>Últimas 6 h: 0<br>FRP total: 26.3 MW<br>Última detección UTC: 2026-07-09 13:12:00
ALERT-20260710-100,informativa,7.5,-0.35258,38.925219999999996,2,0,0,14.8,7.4,28.6,2026-07-09 13:14:00,VIIRS_SNPP_NRT,N,VIIRS,<strong>ALERT-20260710-100</strong><br>Nivel: informativa<br>Focos: 2<br>Últimas 6 h: 0<br>FRP total: 14.8 MW<br>Última detección UTC: 2026-07-09 13:14:00
ALERT-20260710-101,informativa,7.3,-3.4741833333333334,40.24537,3,0,0,7.6,2.7,38.3,2026-07-09 03:32:00,"VIIRS_NOAA20_NRT, VIIRS_SNPP_NRT","N, N20",VIIRS,<strong>ALERT-20260710-101</strong><br>Nivel: informativa<br>Focos: 3<br>Últimas 6 h: 0<br>FRP total: 7.6 MW<br>Última detección UTC: 2026-07-09 03:32:00
ALERT-20260710-102,informativa,7.2,-1.30316,43.97059,2,0,0,12.6,7,28.2,2026-07-09 13:33:00,"VIIRS_NOAA20_NRT, VIIRS_SNPP_NRT","N, N20",VIIRS,<strong>ALERT-20260710-102</strong><br>Nivel: informativa<br>Focos: 2<br>Últimas 6 h: 0<br>FRP total: 12.6 MW<br>Última detección UTC: 2026-07-09 13:33:00
ALERT-20260710-103,informativa,7.2,-8.491076666666666,32.37481,3,0,0,7,3.1,39.6,2026-07-09 02:13:00,"VIIRS_NOAA20_NRT, VIIRS_SNPP_NRT","N, N20",VIIRS,<strong>ALERT-20260710-103</strong><br>Nivel: informativa<br>Focos: 3<br>Últimas 6 h: 0<br>FRP total: 7 MW<br>Última detección UTC: 2026-07-09 02:13:00
ALERT-20260710-104,informativa,7,3.0831,43.4301,1,0,0,19.5,19.5,28.2,2026-07-09 13:33:00,VIIRS_NOAA20_NRT,N20,VIIRS,<strong>ALERT-20260710-104</strong><br>Nivel: informativa<br>Focos: 1<br>Últimas 6 h: 0<br>FRP total: 19.5 MW<br>Última detección UTC: 2026-07-09 13:33:00
ALERT-20260710-105,informativa,6.6,-1.91884,34.93053,1,0,0,15.2,15.2,28.3,2026-07-09 13:31:00,VIIRS_NOAA20_NRT,N20,VIIRS,<strong>ALERT-20260710-105</strong><br>Nivel: informativa<br>Focos: 1<br>Últimas 6 h: 0<br>FRP total: 15.2 MW<br>Última detección UTC: 2026-07-09 13:31:00
ALERT-20260710-106,informativa,6.3,-6.574446666666667,34.280633333333334,3,0,0,4.2,2.4,39.6,2026-07-09 02:11:00,"VIIRS_NOAA20_NRT, VIIRS_SNPP_NRT","N, N20",VIIRS,<strong>ALERT-20260710-106</strong><br>Nivel: informativa<br>Focos: 3<br>Últimas 6 h: 0<br>FRP total: 4.2 MW<br>Última detección UTC: 2026-07-09 02:11:00
ALERT-20260710-107,informativa,6.2,3.5582000000000003,31.42454,2,0,0,7.3,4.3,30,2026-07-09 11:49:00,VIIRS_NOAA20_NRT,N20,VIIRS,<strong>ALERT-20260710-107</strong><br>Nivel: informativa<br>Focos: 2<br>Últimas 6 h: 0<br>FRP total: 7.3 MW<br>Última detección UTC: 2026-07-09 11:49:00
ALERT-20260710-108,informativa,6,-7.59594,33.034486666666666,3,0,0,3.5,1.7,38.2,2026-07-09 03:34:00,VIIRS_SNPP_NRT,N,VIIRS,<strong>ALERT-20260710-108</strong><br>Nivel: informativa<br>Focos: 3<br>Últimas 6 h: 0<br>FRP total: 3.5 MW<br>Última detección UTC: 2026-07-09 03:34:00
ALERT-20260710-109,informativa,5.7,-5.42666,37.33284,1,0,0,9.3,9.3,28.3,2026-07-09 13:31:00,VIIRS_NOAA20_NRT,N20,VIIRS,<strong>ALERT-20260710-109</strong><br>Nivel: informativa<br>Focos: 1<br>Últimas 6 h: 0<br>FRP total: 9.3 MW<br>Última detección UTC: 2026-07-09 13:31:00
ALERT-20260710-110,informativa,5.7,-0.01239,38.81397,1,0,0,9.3,9.3,28.3,2026-07-09 13:31:00,VIIRS_NOAA20_NRT,N20,VIIRS,<strong>ALERT-20260710-110</strong><br>Nivel: informativa<br>Focos: 1<br>Últimas 6 h: 0<br>FRP total: 9.3 MW<br>Última detección UTC: 2026-07-09 13:31:00
ALERT-20260710-111,informativa,5.7,3.7928800000000003,36.72747,2,0,0,5.3,3.4,28.6,2026-07-09 13:12:00,"VIIRS_NOAA20_NRT, VIIRS_SNPP_NRT","N, N20",VIIRS,<strong>ALERT-20260710-111</strong><br>Nivel: informativa<br>Focos: 2<br>Últimas 6 h: 0<br>FRP total: 5.3 MW<br>Última detección UTC: 2026-07-09 13:12:00
ALERT-20260710-112,informativa,5.6,-5.0401300000000004,34.03469,1,0,0,9.2,9.2,28.3,2026-07-09 13:31:00,VIIRS_NOAA20_NRT,N20,VIIRS,<strong>ALERT-20260710-112</strong><br>Nivel: informativa<br>Focos: 1<br>Últimas 6 h: 0<br>FRP total: 9.2 MW<br>Última detección UTC: 2026-07-09 13:31:00
ALERT-20260710-113,informativa,5.5,4.86937,36.65658,1,0,0,8.7,8.7,28.3,2026-07-09 13:31:00,VIIRS_NOAA20_NRT,N20,VIIRS,<strong>ALERT-20260710-113</strong><br>Nivel: informativa<br>Focos: 1<br>Últimas 6 h: 0<br>FRP total: 8.7 MW<br>Última detección UTC: 2026-07-09 13:31:00
ALERT-20260710-114,informativa,5.3,0.2981566666666667,35.45724666666667,3,0,0,2.1,0.8,39.6,2026-07-09 02:13:00,"VIIRS_NOAA20_NRT, VIIRS_SNPP_NRT","N, N20",VIIRS,<strong>ALERT-20260710-114</strong><br>Nivel: informativa<br>Focos: 3<br>Últimas 6 h: 0<br>FRP total: 2.1 MW<br>Última detección UTC: 2026-07-09 02:13:00
ALERT-20260710-115,informativa,5.2,2.17543,36.24416,1,0,0,7.2,7.2,28.3,2026-07-09 13:31:00,VIIRS_NOAA20_NRT,N20,VIIRS,<strong>ALERT-20260710-115</strong><br>Nivel: informativa<br>Focos: 1<br>Últimas 6 h: 0<br>FRP total: 7.2 MW<br>Última detección UTC: 2026-07-09 13:31:00
ALERT-20260710-116,informativa,5,-4.4862,39.94873,2,0,0,3.5,1.9,39.6,2026-07-09 02:11:00,"VIIRS_NOAA20_NRT, VIIRS_SNPP_NRT","N, N20",VIIRS,<strong>ALERT-20260710-116</strong><br>Nivel: informativa<br>Focos: 2<br>Últimas 6 h: 0<br>FRP total: 3.5 MW<br>Última detección UTC: 2026-07-09 02:11:00
ALERT-20260710-117,informativa,4.9,2.1802,36.0803,1,0,0,6,6,28.6,2026-07-09 13:12:00,VIIRS_SNPP_NRT,N,VIIRS,<strong>ALERT-20260710-117</strong><br>Nivel: informativa<br>Focos: 1<br>Últimas 6 h: 0<br>FRP total: 6 MW<br>Última detección UTC: 2026-07-09 13:12:00
ALERT-20260710-118,informativa,4.8,4.43435,36.73318,1,0,0,5.7,5.7,28.3,2026-07-09 13:31:00,VIIRS_NOAA20_NRT,N20,VIIRS,<strong>ALERT-20260710-118</strong><br>Nivel: informativa<br>Focos: 1<br>Últimas 6 h: 0<br>FRP total: 5.7 MW<br>Última detección UTC: 2026-07-09 13:31:00
ALERT-20260710-119,informativa,4.6,1.15456,42.21356,1,0,0,5.2,5.2,28.6,2026-07-09 13:14:00,VIIRS_SNPP_NRT,N,VIIRS,<strong>ALERT-20260710-119</strong><br>Nivel: informativa<br>Focos: 1<br>Últimas 6 h: 0<br>FRP total: 5.2 MW<br>Última detección UTC: 2026-07-09 13:14:00
ALERT-20260710-120,informativa,4.6,-3.74329,39.93799,2,0,0,2.7,1.7,39.6,2026-07-09 02:11:00,"VIIRS_NOAA20_NRT, VIIRS_SNPP_NRT","N, N20",VIIRS,<strong>ALERT-20260710-120</strong><br>Nivel: informativa<br>Focos: 2<br>Últimas 6 h: 0<br>FRP total: 2.7 MW<br>Última detección UTC: 2026-07-09 02:11:00
ALERT-20260710-121,informativa,4.4,2.8497,41.72509,1,0,0,4.6,4.6,40,2026-07-09 01:49:00,VIIRS_SNPP_NRT,N,VIIRS,<strong>ALERT-20260710-121</strong><br>Nivel: informativa<br>Focos: 1<br>Últimas 6 h: 0<br>FRP total: 4.6 MW<br>Última detección UTC: 2026-07-09 01:49:00
ALERT-20260710-122,informativa,4.4,-8.93798,38.500375000000005,2,0,0,2.3,1.4,39.6,2026-07-09 02:13:00,"VIIRS_NOAA20_NRT, VIIRS_SNPP_NRT","N, N20",VIIRS,<strong>ALERT-20260710-122</strong><br>Nivel: informativa<br>Focos: 2<br>Últimas 6 h: 0<br>FRP total: 2.3 MW<br>Última detección UTC: 2026-07-09 02:13:00
ALERT-20260710-123,informativa,4.3,-1.56834,41.98991,1,0,0,4.3,4.3,29.9,2026-07-09 11:53:00,VIIRS_NOAA20_NRT,N20,VIIRS,<strong>ALERT-20260710-123</strong><br>Nivel: informativa<br>Focos: 1<br>Últimas 6 h: 0<br>FRP total: 4.3 MW<br>Última detección UTC: 2026-07-09 11:53:00
ALERT-20260710-124,informativa,4.1,-1.32475,42.52942,1,0,0,3.6,3.6,28.2,2026-07-09 13:33:00,VIIRS_NOAA20_NRT,N20,VIIRS,<strong>ALERT-20260710-124</strong><br>Nivel: informativa<br>Focos: 1<br>Últimas 6 h: 0<br>FRP total: 3.6 MW<br>Última detección UTC: 2026-07-09 13:33:00
ALERT-20260710-125,informativa,4.1,1.661405,41.312529999999995,2,0,0,1.9,1,39.6,2026-07-09 02:11:00,"VIIRS_NOAA20_NRT, VIIRS_SNPP_NRT","N, N20",VIIRS,<strong>ALERT-20260710-125</strong><br>Nivel: informativa<br>Focos: 2<br>Últimas 6 h: 0<br>FRP total: 1.9 MW<br>Última detección UTC: 2026-07-09 02:11:00
ALERT-20260710-126,informativa,4,3.19097,33.30021,1,0,0,3.5,3.5,28.6,2026-07-09 13:12:00,VIIRS_SNPP_NRT,N,VIIRS,<strong>ALERT-20260710-126</strong><br>Nivel: informativa<br>Focos: 1<br>Últimas 6 h: 0<br>FRP total: 3.5 MW<br>Última detección UTC: 2026-07-09 13:12:00
ALERT-20260710-127,informativa,3.9,-8.6597,33.00482,1,0,0,3.2,3.2,28.6,2026-07-09 13:12:00,VIIRS_SNPP_NRT,N,VIIRS,<strong>ALERT-20260710-127</strong><br>Nivel: informativa<br>Focos: 1<br>Últimas 6 h: 0<br>FRP total: 3.2 MW<br>Última detección UTC: 2026-07-09 13:12:00
ALERT-20260710-128,informativa,3.8,4.62399,36.00588,1,0,0,3.1,3.1,29.9,2026-07-09 11:51:00,VIIRS_NOAA20_NRT,N20,VIIRS,<strong>ALERT-20260710-128</strong><br>Nivel: informativa<br>Focos: 1<br>Últimas 6 h: 0<br>FRP total: 3.1 MW<br>Última detección UTC: 2026-07-09 11:51:00
ALERT-20260710-129,informativa,3.1,-7.91533,38.55683,1,0,0,1.8,1.8,28.6,2026-07-09 13:14:00,VIIRS_SNPP_NRT,N,VIIRS,<strong>ALERT-20260710-129</strong><br>Nivel: informativa<br>Focos: 1<br>Últimas 6 h: 0<br>FRP total: 1.8 MW<br>Última detección UTC: 2026-07-09 13:14:00
ALERT-20260710-130,informativa,2.9,0.18003,41.92546,1,0,0,1.6,1.6,39.6,2026-07-09 02:11:00,VIIRS_NOAA20_NRT,N20,VIIRS,<strong>ALERT-20260710-130</strong><br>Nivel: informativa<br>Focos: 1<br>Últimas 6 h: 0<br>FRP total: 1.6 MW<br>Última detección UTC: 2026-07-09 02:11:00
ALERT-20260710-131,informativa,2.8,-2.87922,38.25378,1,0,0,1.5,1.5,39.9,2026-07-09 01:52:00,VIIRS_SNPP_NRT,N,VIIRS,<strong>ALERT-20260710-131</strong><br>Nivel: informativa<br>Focos: 1<br>Últimas 6 h: 0<br>FRP total: 1.5 MW<br>Última detección UTC: 2026-07-09 01:52:00
ALERT-20260710-132,informativa,2.8,-0.54378,38.37684,1,0,0,1.4,1.4,39.6,2026-07-09 02:11:00,VIIRS_NOAA20_NRT,N20,VIIRS,<strong>ALERT-20260710-132</strong><br>Nivel: informativa<br>Focos: 1<br>Últimas 6 h: 0<br>FRP total: 1.4 MW<br>Última detección UTC: 2026-07-09 02:11:00
ALERT-20260710-133,informativa,2.7,0.30509,28.11494,1,0,0,1.3,1.3,39.6,2026-07-09 02:13:00,VIIRS_NOAA20_NRT,N20,VIIRS,<strong>ALERT-20260710-133</strong><br>Nivel: informativa<br>Focos: 1<br>Últimas 6 h: 0<br>FRP total: 1.3 MW<br>Última detección UTC: 2026-07-09 02:13:00
ALERT-20260710-134,informativa,2.6,-5.96805,34.22055,1,0,0,1.2,1.2,39.6,2026-07-09 02:11:00,VIIRS_NOAA20_NRT,N20,VIIRS,<strong>ALERT-20260710-134</strong><br>Nivel: informativa<br>Focos: 1<br>Últimas 6 h: 0<br>FRP total: 1.2 MW<br>Última detección UTC: 2026-07-09 02:11:00
ALERT-20260710-135,informativa,2.5,-4.21422,37.8762,1,0,0,1.1,1.1,39.6,2026-07-09 02:13:00,VIIRS_NOAA20_NRT,N20,VIIRS,<strong>ALERT-20260710-135</strong><br>Nivel: informativa<br>Focos: 1<br>Últimas 6 h: 0<br>FRP total: 1.1 MW<br>Última detección UTC: 2026-07-09 02:13:00
ALERT-20260710-136,informativa,2.2,-4.32885,36.71469,1,0,0,0.8,0.8,39.6,2026-07-09 02:13:00,VIIRS_NOAA20_NRT,N20,VIIRS,<strong>ALERT-20260710-136</strong><br>Nivel: informativa<br>Focos: 1<br>Últimas 6 h: 0<br>FRP total: 0.8 MW<br>Última detección UTC: 2026-07-09 02:13:00
ALERT-20260710-137,informativa,2.1,4.47701,36.40278,1,0,0,0.7,0.7,39.9,2026-07-09 01:52:00,VIIRS_SNPP_NRT,N,VIIRS,<strong>ALERT-20260710-137</strong><br>Nivel: informativa<br>Focos: 1<br>Últimas 6 h: 0<br>FRP total: 0.7 MW<br>Última detección UTC: 2026-07-09 01:52:00
ALERT-20260710-138,informativa,1.9,0.99041,43.18672,1,0,0,0.6,0.6,39.6,2026-07-09 02:11:00,VIIRS_NOAA20_NRT,N20,VIIRS,<strong>ALERT-20260710-138</strong><br>Nivel: informativa<br>Focos: 1<br>Últimas 6 h: 0<br>FRP total: 0.6 MW<br>Última detección UTC: 2026-07-09 02:11:00
ALERT-20260710-139,informativa,1.8,-5.1589,37.38487,1,0,0,0.5,0.5,39.6,2026-07-09 02:13:00,VIIRS_NOAA20_NRT,N20,VIIRS,<strong>ALERT-20260710-139</strong><br>Nivel: informativa<br>Focos: 1<br>Últimas 6 h: 0<br>FRP total: 0.5 MW<br>Última detección UTC: 2026-07-09 02:13:00
ALERT-20260710-140,informativa,1.7,1.1729,35.03086,1,0,0,0.4,0.4,39.9,2026-07-09 01:52:00,VIIRS_SNPP_NRT,N,VIIRS,<strong>ALERT-20260710-140</strong><br>Nivel: informativa<br>Focos: 1<br>Últimas 6 h: 0<br>FRP total: 0.4 MW<br>Última detección UTC: 2026-07-09 01:52:00
